Workbook
Name delete: OFFSET(#REF!,0,0,MATCH(REPT("z",255),#REF!),1)
Name items: OFFSET(#REF!,0,0,MATCH(REPT("z",255),#REF!),1)
Name unkbown: OFFSET(#REF!,0,0,MATCH(REPT("z",255),#REF!),1)
Name unknown: OFFSET(#REF!,0,0,MATCH(REPT("z",255),#REF!),1)
Name valuevx: 42.314159
Name delete: OFFSET(#REF!,0,0,MATCH(REPT("z",255),#REF!),1)
Name items: OFFSET(#REF!,0,0,MATCH(REPT("z",255),#REF!),1)
Name unkbown: OFFSET(#REF!,0,0,MATCH(REPT("z",255),#REF!),1)
Name unknown: OFFSET(#REF!,0,0,MATCH(REPT("z",255),#REF!),1)

Sheet DRT Quote Template
C5: 2430 W Broadway, Vancouver BC, V6K 2E7
A7: Project:
A9: Total Quoted Price: | B9: =SUM(G17:G33)
A11: Description: | B11: - Remove or adjust stud framed and tbar ceilings as required to access joists
B16: Material Code | C16: Description | D16: Quantity | E16: Units | F16: Rate | G16: Cost
A17: Material | B17: 253st | C17: =IFERROR(VLOOKUP(B17,'List of Material Kenroc'!$E$3:F325,2,FALSE),0) | D17: 5 | E17: =VLOOKUP(B17,'List of Material Kenroc'!$H$3:I326,2,FALSE) | F17: =IFERROR(VLOOKUP(B17,'List of Material Kenroc'!$B$3:$C$326,2,FALSE),0)*1.15 | G17: =F17*D17
B18: 253t | C18: =IFERROR(VLOOKUP(B18,'List of Material Kenroc'!$E$3:F326,2,FALSE),0) | E18: =VLOOKUP(B18,'List of Material Kenroc'!$H$3:I327,2,FALSE) | F18: =IFERROR(VLOOKUP(B18,'List of Material Kenroc'!$B$3:$C$326,2,FALSE),0)*1.15 | G18: =F18*D18
B19: 253s | C19: =IFERROR(VLOOKUP(B19,'List of Material Kenroc'!$E$3:F327,2,FALSE),0) | E19: =VLOOKUP(B19,'List of Material Kenroc'!$H$3:I328,2,FALSE) | F19: =IFERROR(VLOOKUP(B19,'List of Material Kenroc'!$B$3:$C$326,2,FALSE),0)*1.15 | G19: =F19*D19
B20: 12std | C20: =IFERROR(VLOOKUP(B20,'List of Material Kenroc'!$E$3:F328,2,FALSE),0) | E20: =VLOOKUP(B20,'List of Material Kenroc'!$H$3:I329,2,FALSE) | F20: =IFERROR(VLOOKUP(B20,'List of Material Kenroc'!$B$3:$C$326,2,FALSE),0)*1.15 | G20: =F20*D20
B21: r12 | C21: =IFERROR(VLOOKUP(B21,'List of Material Kenroc'!$E$3:F329,2,FALSE),0) | E21: =VLOOKUP(B21,'List of Material Kenroc'!$H$3:I330,2,FALSE) | F21: =IFERROR(VLOOKUP(B21,'List of Material Kenroc'!$B$3:$C$326,2,FALSE),0)*1.15 | G21: =F21*D21
B22: tm | C22: =IFERROR(VLOOKUP(B22,'List of Material Kenroc'!$E$3:F330,2,FALSE),0) | E22: =VLOOKUP(B22,'List of Material Kenroc'!$H$3:I329,2,FALSE) | F22: =IFERROR(VLOOKUP(B22,'List of Material Kenroc'!$B$3:$C$326,2,FALSE),0)*1.15 | G22: =F22*D22
B23: 256st | C23: =IFERROR(VLOOKUP(B23,'List of Material Kenroc'!$E$3:F327,2,FALSE),0) | D23: 2 | E23: =VLOOKUP(B23,'List of Material Kenroc'!$H$3:I326,2,FALSE) | F23: =IFERROR(VLOOKUP(B23,'List of Material Kenroc'!$B$3:$C$326,2,FALSE),0)*1.15 | G23: =F23*D23
B24: 252s | C24: =IFERROR(VLOOKUP(B24,'List of Material Kenroc'!$E$3:F328,2,FALSE),0) | E24: =VLOOKUP(B24,'List of Material Kenroc'!$H$3:I327,2,FALSE) | F24: =IFERROR(VLOOKUP(B24,'List of Material Kenroc'!$B$3:$C$326,2,FALSE),0)*1.15 | G24: =F24*D24
C25: =IFERROR(VLOOKUP(B25,'List of Material Kenroc'!$E$3:F329,2,FALSE),0) | E25: =VLOOKUP(B25,'List of Material Kenroc'!$H$3:I328,2,FALSE) | F25: =IFERROR(VLOOKUP(B25,'List of Material Kenroc'!$B$3:$C$326,2,FALSE),0)*1.15 | G25: =F25*D25
C26: =IFERROR(VLOOKUP(B26,'List of Material Kenroc'!$E$3:F330,2,FALSE),0) | E26: =VLOOKUP(B26,'List of Material Kenroc'!$H$3:I329,2,FALSE) | F26: =IFERROR(VLOOKUP(B26,'List of Material Kenroc'!$B$3:$C$326,2,FALSE),0)*1.15 | G26: =F26*D26
C27: =IFERROR(VLOOKUP(B27,'List of Material Kenroc'!$E$3:F331,2,FALSE),0) | E27: =VLOOKUP(B27,'List of Material Kenroc'!$H$3:I330,2,FALSE) | F27: =IFERROR(VLOOKUP(B27,'List of Material Kenroc'!$B$3:$C$326,2,FALSE),0)*1.15 | G27: =F27*D27
A29: Labour | B29: vghl | C29: =IFERROR(VLOOKUP(B29,'List of Material Kenroc'!$E$3:F333,2,FALSE),0) | E29: =VLOOKUP(B29,'List of Material Kenroc'!$H$3:I331,2,FALSE) | F29: =IFERROR(VLOOKUP(B29,'List of Material Kenroc'!$B$3:$C$326,2,FALSE),0) | G29: =F29*D29
B30: vghl | C30: =IFERROR(VLOOKUP(B30,'List of Material Kenroc'!$E$3:F334,2,FALSE),0) | E30: =VLOOKUP(B30,'List of Material Kenroc'!$H$3:I332,2,FALSE) | F30: =IFERROR(VLOOKUP(B30,'List of Material Kenroc'!$B$3:$C$326,2,FALSE),0) | G30: =F30*D30
B31: vghl | C31: =IFERROR(VLOOKUP(B31,'List of Material Kenroc'!$E$3:F335,2,FALSE),0) | E31: =VLOOKUP(B31,'List of Material Kenroc'!$H$3:I333,2,FALSE) | F31: =IFERROR(VLOOKUP(B31,'List of Material Kenroc'!$B$3:$C$326,2,FALSE),0) | G31: =F31*D31
B32: d | C32: =IFERROR(VLOOKUP(B32,'List of Material Kenroc'!$E$3:F334,2,FALSE),0) | E32: =VLOOKUP(B32,'List of Material Kenroc'!$H$3:I337,2,FALSE) | F32: =IFERROR(VLOOKUP(B32,'List of Material Kenroc'!$B$3:$C$326,2,FALSE),0)*1.3 | G32: =F32*D32
B33: df | C33: =IFERROR(VLOOKUP(B33,'List of Material Kenroc'!$E$3:F335,2,FALSE),0) | E33: =VLOOKUP(B33,'List of Material Kenroc'!$H$3:I338,2,FALSE) | F33: =IFERROR(VLOOKUP(B33,'List of Material Kenroc'!$B$3:$C$326,2,FALSE),0)*1.3 | G33: =F33*D33

Sheet List of Material Kenroc
A1: Item | B1: Material Code | C1: Price
A3: 1/4” Flex | B3: 14f | C3: 0.6 | E3: 14f | F3: =A3 | H3: 14f | I3: Sqft
A4: 1/2” Std | B4: 12std | C4: 0.465 | E4: 12std | F4: =A4 | H4: 12std | I4: Sqft
A5: 1/2” CD | B5: 12cd | C5: 0.63 | E5: 12cd | F5: =A5 | H5: 12cd | I5: Sqft
A6: 1/2” Std 54” | B6: 54STD | C6: 0.628 | E6: 54STD | F6: =A6 | H6: 54STD | I6: Sqft
A7: 1/2” Type C | B7: 12tc | C7: 0.578 | E7: 12tc | F7: =A7 | H7: 12tc | I7: Sqft
A8: 1/2” Mould Resistant | B8: 12mr | C8: 1.215 | E8: 12mr | F8: =A8 | H8: 12mr | I8: Sqft
A9: 5/8” Type X | B9: 58tx | C9: 0.578 | E9: 58tx | F9: =A9 | H9: 58tx | I9: Sqft
A10: 5/8” Mould Resistant | B10: 58mr | C10: 1.415 | E10: 58mr | F10: =A10 | H10: 58mr | I10: Sqft
A11: 5/8” Type X 54” | B11: 54tx | C11: ? | E11: 54tx | F11: =A11 | H11: 54tx | I11: Sqft
A12: 5/8” Type C | B12: 58tc | C12: 0.578 | E12: 58tc | F12: =A12 | H12: 58tc | I12: Sqft
A13: 1/2” GlassRoc | B13: 12gr | C13: 1.28 | E13: 12gr | F13: =A13 | H13: 12gr | I13: Sqft
A14: 5/8” GlassRoc | B14: 58gr | C14: 1.39 | E14: 58gr | F14: =A14 | H14: 58gr | I14: Sqft
A15: 1/2” DiamondBacker | B15: 12db | C15: 2.22 | E15: 12db | F15: =A15 | H15: 12db | I15: Sqft
A16: 5/8” DiamondBacker | B16: 58db | C16: 2.71 | E16: 58db | F16: =A16 | H16: 58db | I16: Sqft
A17: 1” GlassRoc ShaftLiner | B17: 1grsl | C17: 2.17 | E17: 1grsl | F17: =A17 | H17: 1grsl | I17: Sqft
A18: 1” M2 Tech Shaftliner | B18: 1m2sl | C18: 1.89 | E18: 1m2sl | F18: =A18 | H18: 1m2sl | I18: Sqft
A19: 1/2” Durock Tile Backer | B19: 12dr | C19: 2.25 | E19: 12dr | F19: =A19 | H19: 12dr | I19: Sqft
A20: 5/8” Durock Tile Backer | B20: 58dr | C20: 2.761 | E20: 58dr | F20: =A20 | H20: 58dr | I20: Sqft
A21: 3/4" Plywood | B21: 34pw | C21: 4 | E21: 34pw | F21: =A21 | H21: 34pw | I21: Sqft
A22: 5/8" Plywood | B22: 58pw | C22: 3.5 | E22: 58pw | F22: =A22 | H22: 58pw | I22: Sqft
A23: 1/2" Fire Rated Plywood | B23: 12pw | C23: 3 | E23: 12pw | F23: =A23 | H23: 12pw | I23: Sqft
A24: QuietRock 550 | B24: qt530 | C24: ? | E24: qt530 | F24: =A24 | H24: qt530 | I24: Sqft
A25: 1/2" QuietRock 510 | B25: 12qt | C25: ? | E25: 12qt | F25: =A25 | H25: 12qt | I25: Sqft
A26: 1/2" QuietRock MR 510 | B26: 12qtmr | C26: ? | E26: 12qtmr | F26: =A26 | H26: 12qtmr | I26: Sqft
A27: 5/8" QuietRock EZ Snap | B27: 58qt | C27: ? | E27: 58qt | F27: =A27 | H27: 58qt | I27: Sqft
A28: 5/8" QuietRock MR EZ Snap | B28: 58qtmr | C28: ? | E28: 58qtmr | F28: =A28 | H28: 58qtmr | I28: Sqft
A29: 1/2" Abuse Resistant | B29: 12ar | C29: ? | E29: 12ar | F29: =A29 | H29: 12ar | I29: Sqft
A30: 5/8" Abuse Resistant - Type X | B30: 58ar | C30: ? | E30: 58ar | F30: =A30 | H30: 58ar | I30: Sqft
F31: =A31 | I31: Sqft
A32: R8 Insulation | B32: r8 | C32: 0.275 | E32: r8 | F32: =A32 | H32: r8 | I32: Sqft
A33: R12 Insulation | B33: r12 | C33: 0.44 | E33: r12 | F33: =A33 | H33: r12 | I33: Sqft
A34: R20 Insulation | B34: r20 | C34: 0.66 | E34: r20 | F34: =A34 | H34: r20 | I34: Sqft
A35: R12 QUIET ZONE | B35: R12QZ | C35: 0.44 | E35: R12QZ | F35: =A35 | H35: R12QZ | I35: Sqft
A36: R20 QUIET ZONE | B36: R20QZ | C36: 0.66 | E36: R20QZ | F36: =A36 | H36: R20QZ | I36: Sqft
A37: R28 Insulation | B37: r28 | C37: 0.915 | E37: r28 | F37: =A37 | H37: r28 | I37: Sqft
A38: R35 Insulation | B38: r35 | C38: ? | E38: r35 | F38: =A38 | H38: r35 | I38: Sqft
A39: R40 Insulation | B39: r40 | C39: 2.095 | E39: r40 | F39: =A39 | H39: r40 | I39: Sqft
A40: Roxul Comfort Batt R10 | B40: R10 | C40: ? | E40: R10 | F40: =A40 | H40: R10 | I40: Sqft
A41: Roxul Comfort Batt R14 | B41: R14 | C41: ? | E41: R14 | F41: =A41 | H41: R14 | I41: Sqft
A42: Roxul Comfort Batt R22 | B42: R22 | C42: ? | E42: R22 | F42: =A42 | H42: R22 | I42: Sqft
A43: Roxul AFB 2 1/2" | B43: AFB25 | C43: ? | E43: AFB25 | F43: =A43 | H43: AFB25 | I43: Sqft
A44: Roxul AF 3 5/8" | B44: AFB35 | C44: ? | E44: AFB35 | F44: =A44 | H44: AFB35 | I44: Sqft
A45: Roxul AFB 6" | B45: AFB6 | C45: ? | E45: AFB6 | F45: =A45 | H45: AFB6 | I45: Sqft
F46: =A46 | I46: Sqft
A47: 6 Mil Poly | B47: 6mil | C47: 0.07 | E47: 6mil | F47: =A47 | H47: 6mil | I47: Sqft
A48: Light Weight Poly | B48: lwp | C48: 15.74 | E48: lwp | F48: =A48 | H48: lwp | I48: Sqft
A49: 1 1/2” TYPE 4 RIGID | B49: 15T4R | C49: 1.22115 | E49: 15T4R | F49: =A49 | H49: 15T4R | I49: Sqft
A50: 2" Foil Back Insulation | B50: 2fb | C50: 3.8594 | E50: 2fb | F50: =A50 | H50: 2fb | I50: Sqft
F51: =A51
A52: 25 Ga 1 5/8” Stud | B52: 251s | C52: 0.525 | E52: 251s | F52: =A52 | H52: 251s | I52: Lnft
A53: 25 Ga 1 5/8” Track | B53: 251t | C53: 0.465 | E53: 251t | F53: =A53 | H53: 251t | I53: Lnft
A54: 25 Ga 1 5/8” Deep Tack | B54: 251dt | C54: 0.675 | E54: 251dt | F54: =A54 | H54: 251dt | I54: Lnft
A55: 25 Ga 2 1/2” Stud | B55: 252s | C55: 0.6 | E55: 252s | F55: =A55 | H55: 252s | I55: Lnft
A56: 25 Ga 2 1/2” Track | B56: 252t | C56: 0.535 | E56: 252t | F56: =A56 | H56: 252t | I56: Lnft
A57: 25 Ga 2 1/2” Deep Track | B57: 252dt | C57: 0.745 | E57: 252dt | F57: =A57 | H57: 252dt | I57: Lnft
A58: 25 Ga 2 1/2" Slotted Track | B58: 252st | C58: 1.175 | E58: 252st | F58: =A58 | H58: 252st | I58: Lnft
A59: 25 Ga 3 5/8” Stud | B59: 253s | C59: 0.675 | E59: 253s | F59: =A59 | H59: 253s | I59: Lnft
A60: 25 Ga 3 5/8” Track | B60: 253t | C60: 0.63 | E60: 253t | F60: =A60 | H60: 253t | I60: Lnft
A61: 25 Ga 3 5/8” Deep Track | B61: 253dt | C61: 0.85 | E61: 253dt | F61: =A61 | H61: 253dt | I61: Lnft
A62: 25 Ga 3 5/8" Slotted Track | B62: 253st | C62: 1.875 | E62: 253st | F62: =A62 | H62: 253st | I62: Lnft
A63: 25 Ga 6" Stud | B63: 256s | C63: 0.96 | E63: 256s | F63: =A63 | H63: 256s | I63: Lnft
... A66: 25 Ga 6” Slotted Track | B66: 256st | C66: 2.05 | E66: 256st | F66: =A66 | H66: 256st | I66: Lnft
A67: 25 Ga 8" Stud | B67: 258s | C67: ? | E67: 258s | F67: =A67 | H67: 258s | I67: Lnft
A68: 25 Ga 8" Track | B68: 258t | C68: ? | E68: 258t | F68: =A68 | H68: 258t | I68: Lnft
A69: 25 Ga 8" Deep Track | B69: 258dt | C69: ? | E69: 258dt | F69: =A69 | H69: 258dt | I69: Lnft
A70: 25 Ga 8" Slotted Track | B70: 258st | C70: ? | E70: 258st | F70: =A70 | H70: 258st | I70: Lnft
F71: =A71 | I71: Lnft
F72: =A72 | I72: Lnft
A73: 20 Ga 1 5/8” Stud | B73: 201s | C73: 0.97 | E73: 201s | F73: =A73 | H73: 201s | I73: Lnft
A74: 20 Ga 1 5/8” Track | B74: 201t | C74: 0.85 | E74: 201t | F74: =A74 | H74: 201t | I74: Lnft
A75: 20 Ga 1 5/8” Deep Tack | B75: 201dt | C75: 1.05 | E75: 201dt | F75: =A75 | H75: 201dt | I75: Lnft
A76: 20 Ga 2 1/2” Stud | B76: 202s | C76: 1.05 | E76: 202s | F76: =A76 | H76: 202s | I76: Lnft
A77: 20 Ga 2 1/2” Track | B77: 202t | C77: 0.9 | E77: 202t | F77: =A77 | H77: 202t | I77: Lnft
A78: 20 Ga 2 1/2” Deep Track | B78: 202dt | C78: 1.21 | E78: 202dt | F78: =A78 | H78: 202dt | I78: Lnft
A79: 20 Ga 2 1/2 Slotted Track | B79: 202st | C79: 2.56 | E79: 202st | F79: =A79 | H79: 202st | I79: Lnft
A80: 20 Ga 3 5/8” Stud | B80: 203s | C80: 1.185 | E80: 203s | F80: =A80 | H80: 203s | I80: Lnft
A81: 20 Ga 3 5/8” Track | B81: 203t | C81: 1.14 | E81: 203t | F81: =A81 | H81: 203t | I81: Lnft
A82: 20 Ga 3 5/8” Deep Track | B82: 203dt | C82: 1.39 | E82: 203dt | F82: =A82 | H82: 203dt | I82: Lnft
A83: 20 Ga 3 5/8" Slotted Track | B83: 203st | C83: 3.43 | E83: 203st | F83: =A83 | H83: 203st | I83: Lnft
A84: 20 Ga 6" Stud | B84: 206s | C84: 1.86 | E84: 206s | F84: =A84 | H84: 206s | I84: Lnft
... A91: 20 Ga 8” Slotted Track | B91: 208st | C91: 5.162 | E91: 208st | F91: =A91 | H91: 208st | I91: Lnft
A92: 20 Ga 2 1/2” Stud 1 5/8” Flange' | B92: 202swl | C92: ? | E92: 202swl | F92: =A92 | H92: 202swl | I92: Lnft
A93: 20 Ga 3 5/8” Stud 1 5/8” Flange | B93: 203swl | C93: 1.47 | E93: 203swl | F93: =A93 | H93: 203swl | I93: Lnft
A94: 20 Ga 6" Stud 1 5/8” Flange | B94: 206swl | C94: 1.975 | E94: 206swl | F94: =A94 | H94: 206swl | I94: Lnft
A95: 20 Ga 8" Stud 1 5/8" Flange | B95: 208swl | C95: 3.219 | E95: 208swl | F95: =A95 | H95: 208swl | I95: Lnft
F96: =A96 | I96: Lnft
A97: 18 Ga 1 5/8” Stud | B97: 181s | C97: ? | E97: 181s | F97: =A97 | H97: 181s | I97: Lnft
A98: 18 Ga 1 5/8” Track | B98: 181t | C98: ? | E98: 181t | F98: =A98 | H98: 181t | I98: Lnft
A99: 18 Ga 1 5/8” Deep Tack | B99: 181dt | C99: ? | E99: 181dt | F99: =A99 | H99: 181dt | I99: Lnft
A100: 18 Ga 2 1/2” Stud | B100: 182s | C100: ? | E100: 182s | F100: =A100 | H100: 182s | I100: Lnft
A101: 18 Ga 2 1/2” Track | B101: 182t | C101: ? | E101: 182t | F101: =A101 | H101: 182t | I101: Lnft
A102: 18 Ga 2 1/2” Deep Track | B102: 182dt | C102: ? | E102: 182dt | F102: =A102 | H102: 182dt | I102: Lnft
A103: 18 Ga 2 1/2 Slotted Track | B103: 182st | C103: ? | E103: 182st | F103: =A103 | H103: 182st | I103: Lnft
A104: 18 Ga 3 5/8” Stud | B104: 183s | C104: 1.47 | E104: 183s | F104: =A104 | H104: 183s | I104: Lnft
A105: 18 Ga 3 5/8” Track | B105: 183t | C105: 1.525 | E105: 183t | F105: =A105 | H105: 183t | I105: Lnft
A106: 18 Ga 3 5/8” Deep Track | B106: 183dt | C106: 1.93 | E106: 183dt | F106: =A106 | H106: 183dt | I106: Lnft
A107: 18 Ga 3 5/8" Slotted Track | B107: 183st | C107: 3.61 | E107: 183st | F107: =A107 | H107: 183st | I107: Lnft
A108: 18 Ga 6” Stud | B108: 186s | C108: 2.56 | E108: 186s | F108: =A108 | H108: 186s | I108: Lnft
A109: 18 Ga 6” Track | B109: 186t | C109: 2.2 | E109: 186t | F109: =A109 | H109: 186t | I109: Lnft
...

Sheet List of Material Pacific West
A1: Item | B1: Material Code | C1: Price
A3: 1/4” Flex | B3: 14f | C3: 0.6 | E3: 14f | F3: =A3 | H3: 14f | I3: Sqft
A4: 1/2” Std | B4: 12std | C4: 0.465 | E4: 12std | F4: =A4 | H4: 12std | I4: Sqft
A5: 1/2” CD | B5: 12cd | C5: 0.63 | E5: 12cd | F5: =A5 | H5: 12cd | I5: Sqft
A6: 1/2” Std 54” | B6: 54STD | C6: 0.628 | E6: 54STD | F6: =A6 | H6: 54STD | I6: Sqft
A7: 1/2” Type C | B7: 12tc | C7: 0.578 | E7: 12tc | F7: =A7 | H7: 12tc | I7: Sqft
A8: 1/2” Mould Resistant | B8: 12mr | C8: 1.215 | E8: 12mr | F8: =A8 | H8: 12mr | I8: Sqft
A9: 5/8” Type X | B9: 58tx | C9: 0.578 | E9: 58tx | F9: =A9 | H9: 58tx | I9: Sqft
A10: 5/8” Mould Resistant | B10: 58mr | C10: 1.415 | E10: 58mr | F10: =A10 | H10: 58mr | I10: Sqft
A11: 5/8” Type X 54” | B11: 54tx | C11: ? | E11: 54tx | F11: =A11 | H11: 54tx | I11: Sqft
A12: 5/8” Type C | B12: 58tc | C12: 0.578 | E12: 58tc | F12: =A12 | H12: 58tc | I12: Sqft
A13: 1/2” GlassRoc | B13: 12gr | C13: 1.28 | E13: 12gr | F13: =A13 | H13: 12gr | I13: Sqft
A14: 5/8” GlassRoc | B14: 58gr | C14: 1.39 | E14: 58gr | F14: =A14 | H14: 58gr | I14: Sqft
A15: 1/2” DiamondBacker | B15: 12db | C15: 2.22 | E15: 12db | F15: =A15 | H15: 12db | I15: Sqft
A16: 5/8” DiamondBacker | B16: 58db | C16: 2.71 | E16: 58db | F16: =A16 | H16: 58db | I16: Sqft
A17: 1” GlassRoc ShaftLiner | B17: 1grsl | C17: 2.17 | E17: 1grsl | F17: =A17 | H17: 1grsl | I17: Sqft
A18: 1” M2 Tech Shaftliner | B18: 1m2sl | C18: 1.89 | E18: 1m2sl | F18: =A18 | H18: 1m2sl | I18: Sqft
A19: 1/2” Durock Tile Backer | B19: 12dr | C19: 2.25 | E19: 12dr | F19: =A19 | H19: 12dr | I19: Sqft
A20: 5/8” Durock Tile Backer | B20: 58dr | C20: 2.761 | E20: 58dr | F20: =A20 | H20: 58dr | I20: Sqft
A21: 3/4" Plywood | B21: 34pw | C21: 4 | E21: 34pw | F21: =A21 | H21: 34pw | I21: Sqft
A22: 5/8" Plywood | B22: 58pw | C22: 3.5 | E22: 58pw | F22: =A22 | H22: 58pw | I22: Sqft
A23: 1/2" Fire Rated Plywood | B23: 12pw | C23: 3 | E23: 12pw | F23: =A23 | H23: 12pw | I23: Sqft
A24: QuietRock 550 | B24: qt530 | C24: ? | E24: qt530 | F24: =A24 | H24: qt530 | I24: Sqft
A25: 1/2" QuietRock 510 | B25: 12qt | C25: ? | E25: 12qt | F25: =A25 | H25: 12qt | I25: Sqft
A26: 1/2" QuietRock MR 510 | B26: 12qtmr | C26: ? | E26: 12qtmr | F26: =A26 | H26: 12qtmr | I26: Sqft
A27: 5/8" QuietRock EZ Snap | B27: 58qt | C27: ? | E27: 58qt | F27: =A27 | H27: 58qt | I27: Sqft
A28: 5/8" QuietRock MR EZ Snap | B28: 58qtmr | C28: ? | E28: 58qtmr | F28: =A28 | H28: 58qtmr | I28: Sqft
A29: 1/2" Abuse Resistant | B29: 12ar | C29: ? | E29: 12ar | F29: =A29 | H29: 12ar | I29: Sqft
A30: 5/8" Abuse Resistant - Type X | B30: 58ar | C30: ? | E30: 58ar | F30: =A30 | H30: 58ar | I30: Sqft
F31: =A31 | I31: Sqft
A32: R8 Insulation | B32: r8 | C32: 0.275 | E32: r8 | F32: =A32 | H32: r8 | I32: Sqft
A33: R12 Insulation | B33: r12 | C33: 0.44 | E33: r12 | F33: =A33 | H33: r12 | I33: Sqft
A34: R20 Insulation | B34: r20 | C34: 0.66 | E34: r20 | F34: =A34 | H34: r20 | I34: Sqft
A35: R12 QUIET ZONE | B35: R12QZ | C35: 0.44 | E35: R12QZ | F35: =A35 | H35: R12QZ | I35: Sqft
A36: R20 QUIET ZONE | B36: R20QZ | C36: 0.66 | E36: R20QZ | F36: =A36 | H36: R20QZ | I36: Sqft
A37: R28 Insulation | B37: r28 | C37: 0.915 | E37: r28 | F37: =A37 | H37: r28 | I37: Sqft
A38: R35 Insulation | B38: r35 | C38: ? | E38: r35 | F38: =A38 | H38: r35 | I38: Sqft
A39: R40 Insulation | B39: r40 | C39: 2.095 | E39: r40 | F39: =A39 | H39: r40 | I39: Sqft
A40: Roxul Comfort Batt R10 | B40: R10 | C40: ? | E40: R10 | F40: =A40 | H40: R10 | I40: Sqft
A41: Roxul Comfort Batt R14 | B41: R14 | C41: ? | E41: R14 | F41: =A41 | H41: R14 | I41: Sqft
A42: Roxul Comfort Batt R22 | B42: R22 | C42: ? | E42: R22 | F42: =A42 | H42: R22 | I42: Sqft
A43: Roxul AFB 2 1/2" | B43: AFB25 | C43: ? | E43: AFB25 | F43: =A43 | H43: AFB25 | I43: Sqft
A44: Roxul AF 3 5/8" | B44: AFB35 | C44: ? | E44: AFB35 | F44: =A44 | H44: AFB35 | I44: Sqft
A45: Roxul AFB 6" | B45: AFB6 | C45: ? | E45: AFB6 | F45: =A45 | H45: AFB6 | I45: Sqft
F46: =A46 | I46: Sqft
A47: 6 Mil Poly | B47: 6mil | C47: 0.07 | E47: 6mil | F47: =A47 | H47: 6mil | I47: Sqft
A48: Light Weight Poly | B48: lwp | C48: 15.74 | E48: lwp | F48: =A48 | H48: lwp | I48: Sqft
A49: 1 1/2” TYPE 4 RIGID | B49: 15T4R | C49: 1.22115 | E49: 15T4R | F49: =A49 | H49: 15T4R | I49: Sqft
A50: 2" Foil Back Insulation | B50: 2fb | C50: 3.8594 | E50: 2fb | F50: =A50 | H50: 2fb | I50: Sqft
F51: =A51
A52: 25 Ga 1 5/8” Stud | B52: 251s | C52: 0.525 | E52: 251s | F52: =A52 | H52: 251s | I52: Lnft
A53: 25 Ga 1 5/8” Track | B53: 251t | C53: 0.465 | E53: 251t | F53: =A53 | H53: 251t | I53: Lnft
A54: 25 Ga 1 5/8” Deep Tack | B54: 251dt | C54: 0.675 | E54: 251dt | F54: =A54 | H54: 251dt | I54: Lnft
A55: 25 Ga 2 1/2” Stud | B55: 252s | C55: 0.6 | E55: 252s | F55: =A55 | H55: 252s | I55: Lnft
A56: 25 Ga 2 1/2” Track | B56: 252t | C56: 0.535 | E56: 252t | F56: =A56 | H56: 252t | I56: Lnft
A57: 25 Ga 2 1/2” Deep Track | B57: 252dt | C57: 0.745 | E57: 252dt | F57: =A57 | H57: 252dt | I57: Lnft
A58: 25 Ga 2 1/2" Slotted Track | B58: 252st | C58: 1.175 | E58: 252st | F58: =A58 | H58: 252st | I58: Lnft
A59: 25 Ga 3 5/8” Stud | B59: 253s | C59: 0.675 | E59: 253s | F59: =A59 | H59: 253s | I59: Lnft
A60: 25 Ga 3 5/8” Track | B60: 253t | C60: 0.63 | E60: 253t | F60: =A60 | H60: 253t | I60: Lnft
A61: 25 Ga 3 5/8” Deep Track | B61: 253dt | C61: 0.85 | E61: 253dt | F61: =A61 | H61: 253dt | I61: Lnft
A62: 25 Ga 3 5/8" Slotted Track | B62: 253st | C62: 1.875 | E62: 253st | F62: =A62 | H62: 253st | I62: Lnft
A63: 25 Ga 6" Stud | B63: 256s | C63: 0.96 | E63: 256s | F63: =A63 | H63: 256s | I63: Lnft
... A66: 25 Ga 6” Slotted Track | B66: 256st | C66: 2.05 | E66: 256st | F66: =A66 | H66: 256st | I66: Lnft
A67: 25 Ga 8" Stud | B67: 258s | C67: ? | E67: 258s | F67: =A67 | H67: 258s | I67: Lnft
A68: 25 Ga 8" Track | B68: 258t | C68: ? | E68: 258t | F68: =A68 | H68: 258t | I68: Lnft
A69: 25 Ga 8" Deep Track | B69: 258dt | C69: ? | E69: 258dt | F69: =A69 | H69: 258dt | I69: Lnft
A70: 25 Ga 8" Slotted Track | B70: 258st | C70: ? | E70: 258st | F70: =A70 | H70: 258st | I70: Lnft
F71: =A71 | I71: Lnft
F72: =A72 | I72: Lnft
A73: 20 Ga 1 5/8” Stud | B73: 201s | C73: 0.97 | E73: 201s | F73: =A73 | H73: 201s | I73: Lnft
A74: 20 Ga 1 5/8” Track | B74: 201t | C74: 0.85 | E74: 201t | F74: =A74 | H74: 201t | I74: Lnft
A75: 20 Ga 1 5/8” Deep Tack | B75: 201dt | C75: 1.05 | E75: 201dt | F75: =A75 | H75: 201dt | I75: Lnft
A76: 20 Ga 2 1/2” Stud | B76: 202s | C76: 1.05 | E76: 202s | F76: =A76 | H76: 202s | I76: Lnft
A77: 20 Ga 2 1/2” Track | B77: 202t | C77: 0.9 | E77: 202t | F77: =A77 | H77: 202t | I77: Lnft
A78: 20 Ga 2 1/2” Deep Track | B78: 202dt | C78: 1.21 | E78: 202dt | F78: =A78 | H78: 202dt | I78: Lnft
A79: 20 Ga 2 1/2 Slotted Track | B79: 202st | C79: 2.56 | E79: 202st | F79: =A79 | H79: 202st | I79: Lnft
A80: 20 Ga 3 5/8” Stud | B80: 203s | C80: 1.185 | E80: 203s | F80: =A80 | H80: 203s | I80: Lnft
A81: 20 Ga 3 5/8” Track | B81: 203t | C81: 1.14 | E81: 203t | F81: =A81 | H81: 203t | I81: Lnft
A82: 20 Ga 3 5/8” Deep Track | B82: 203dt | C82: 1.39 | E82: 203dt | F82: =A82 | H82: 203dt | I82: Lnft
A83: 20 Ga 3 5/8" Slotted Track | B83: 203st | C83: 3.43 | E83: 203st | F83: =A83 | H83: 203st | I83: Lnft
A84: 20 Ga 6" Stud | B84: 206s | C84: 1.86 | E84: 206s | F84: =A84 | H84: 206s | I84: Lnft
... A91: 20 Ga 8” Slotted Track | B91: 208st | C91: 5.162 | E91: 208st | F91: =A91 | H91: 208st | I91: Lnft
A92: 20 Ga 2 1/2” Stud 1 5/8” Flange' | B92: 202swl | C92: ? | E92: 202swl | F92: =A92 | H92: 202swl | I92: Lnft
A93: 20 Ga 3 5/8” Stud 1 5/8” Flange | B93: 203swl | C93: 1.47 | E93: 203swl | F93: =A93 | H93: 203swl | I93: Lnft
A94: 20 Ga 6" Stud 1 5/8” Flange | B94: 206swl | C94: 1.975 | E94: 206swl | F94: =A94 | H94: 206swl | I94: Lnft
A95: 20 Ga 8" Stud 1 5/8" Flange | B95: 208swl | C95: 3.219 | E95: 208swl | F95: =A95 | H95: 208swl | I95: Lnft
F96: =A96 | I96: Lnft
A97: 18 Ga 1 5/8” Stud | B97: 181s | C97: ? | E97: 181s | F97: =A97 | H97: 181s | I97: Lnft
A98: 18 Ga 1 5/8” Track | B98: 181t | C98: ? | E98: 181t | F98: =A98 | H98: 181t | I98: Lnft
A99: 18 Ga 1 5/8” Deep Tack | B99: 181dt | C99: ? | E99: 181dt | F99: =A99 | H99: 181dt | I99: Lnft
A100: 18 Ga 2 1/2” Stud | B100: 182s | C100: ? | E100: 182s | F100: =A100 | H100: 182s | I100: Lnft
A101: 18 Ga 2 1/2” Track | B101: 182t | C101: ? | E101: 182t | F101: =A101 | H101: 182t | I101: Lnft
A102: 18 Ga 2 1/2” Deep Track | B102: 182dt | C102: ? | E102: 182dt | F102: =A102 | H102: 182dt | I102: Lnft
A103: 18 Ga 2 1/2 Slotted Track | B103: 182st | C103: ? | E103: 182st | F103: =A103 | H103: 182st | I103: Lnft
A104: 18 Ga 3 5/8” Stud | B104: 183s | C104: 1.47 | E104: 183s | F104: =A104 | H104: 183s | I104: Lnft
A105: 18 Ga 3 5/8” Track | B105: 183t | C105: 1.525 | E105: 183t | F105: =A105 | H105: 183t | I105: Lnft
A106: 18 Ga 3 5/8” Deep Track | B106: 183dt | C106: 1.93 | E106: 183dt | F106: =A106 | H106: 183dt | I106: Lnft
A107: 18 Ga 3 5/8" Slotted Track | B107: 183st | C107: 3.61 | E107: 183st | F107: =A107 | H107: 183st | I107: Lnft
A108: 18 Ga 6” Stud | B108: 186s | C108: 2.56 | E108: 186s | F108: =A108 | H108: 186s | I108: Lnft
A109: 18 Ga 6” Track | B109: 186t | C109: 2.2 | E109: 186t | F109: =A109 | H109: 186t | I109: Lnft
...

Sheet List of Material Dryco
A1: Item | B1: Material Code | C1: Price
A3: 1/4” Flex | B3: 14f | C3: 0.6 | E3: 14f | F3: =A3 | H3: 14f | I3: Sqft
A4: 1/2” Std | B4: 12std | C4: 0.455 | E4: 12std | F4: =A4 | H4: 12std | I4: Sqft
A5: 1/2” CD | B5: 12cd | C5: 0.63 | E5: 12cd | F5: =A5 | H5: 12cd | I5: Sqft
A6: 1/2” Std 54” | B6: 54STD | C6: 0.5827 | E6: 54STD | F6: =A6 | H6: 54STD | I6: Sqft
A7: 1/2” Type C | B7: 12tc | C7: 0.574 | E7: 12tc | F7: =A7 | H7: 12tc | I7: Sqft
A8: 1/2” Mould Resistant | B8: 12mr | C8: 1.1852 | E8: 12mr | F8: =A8 | H8: 12mr | I8: Sqft
A9: 5/8” Type X | B9: 58tx | C9: 0.555 | E9: 58tx | F9: =A9 | H9: 58tx | I9: Sqft
A10: 5/8” Mould Resistant | B10: 58mr | C10: 1.314 | E10: 58mr | F10: =A10 | H10: 58mr | I10: Sqft
A11: 5/8” Type X 54” | B11: 54tx | C11: 0.864 | E11: 54tx | F11: =A11 | H11: 54tx | I11: Sqft
A12: 5/8” Type C | B12: 58tc | C12: 0.555 | E12: 58tc | F12: =A12 | H12: 58tc | I12: Sqft
A13: 1/2” GlassRoc | B13: 12gr | C13: 1.2169 | E13: 12gr | F13: =A13 | H13: 12gr | I13: Sqft
A14: 5/8” GlassRoc | B14: 58gr | C14: 1.3169 | E14: 58gr | F14: =A14 | H14: 58gr | I14: Sqft
... A23: 1/2" Fire Rated Plywood | B23: 12pw | C23: 3 | E23: 12pw | F23: =A23 | H23: 12pw | I23: Sqft
A24: QuietRock 550 | B24: qt530 | C24: ? | E24: qt530 | F24: =A24 | H24: qt530 | I24: Sqft
A25: 1/2" QuietRock 510 | B25: 12qt | C25: ? | E25: 12qt | F25: =A25 | H25: 12qt | I25: Sqft
A26: 1/2" QuietRock MR 510 | B26: 12qtmr | C26: ? | E26: 12qtmr | F26: =A26 | H26: 12qtmr | I26: Sqft
A27: 5/8" QuietRock EZ Snap | B27: 58qt | C27: ? | E27: 58qt | F27: =A27 | H27: 58qt | I27: Sqft
A28: 5/8" QuietRock MR EZ Snap | B28: 58qtmr | C28: ? | E28: 58qtmr | F28: =A28 | H28: 58qtmr | I28: Sqft
A29: 1/2" Abuse Resistant | B29: 12ar | C29: 1.2932 | E29: 12ar | F29: =A29 | H29: 12ar | I29: Sqft
A30: 5/8" Abuse Resistant - Type X | B30: 58ar | C30: 1.4988 | E30: 58ar | F30: =A30 | H30: 58ar | I30: Sqft
F31: =A31 | I31: Sqft
A32: R8 Insulation | B32: r8 | C32: 0.2703 | E32: r8 | F32: =A32 | H32: r8 | I32: Sqft
A33: R12 Insulation | B33: r12 | C33: 0.3716 | E33: r12 | F33: =A33 | H33: r12 | I33: Sqft
A34: R20 Insulation | B34: r20 | C34: 0.628 | E34: r20 | F34: =A34 | H34: r20 | I34: Sqft
A35: R12 QUIET ZONE | B35: R12QZ | C35: 1.3605 | E35: R12QZ | F35: =A35 | H35: R12QZ | I35: Sqft
A36: R20 QUIET ZONE | B36: R20QZ | C36: 1.257 | E36: R20QZ | F36: =A36 | H36: R20QZ | I36: Sqft
A37: R28 Insulation | B37: r28 | C37: 0.8289 | E37: r28 | F37: =A37 | H37: r28 | I37: Sqft
A38: R35 Insulation | B38: r35 | C38: 1.0347 | E38: r35 | F38: =A38 | H38: r35 | I38: Sqft
A39: R40 Insulation | B39: r40 | C39: 1.2731 | E39: r40 | F39: =A39 | H39: r40 | I39: Sqft
A40: Roxul Comfort Batt R10 | B40: R10 | C40: 0.9087 | E40: R10 | F40: =A40 | H40: R10 | I40: Sqft
A41: Roxul Comfort Batt R14 | B41: R14 | C41: 1.2785 | E41: R14 | F41: =A41 | H41: R14 | I41: Sqft
A42: Roxul Comfort Batt R22 | B42: R22 | C42: 2.0078 | E42: R22 | F42: =A42 | H42: R22 | I42: Sqft
A43: Roxul AFB 2 1/2" | B43: AFB25 | C43: 1.5197 | E43: AFB25 | F43: =A43 | H43: AFB25 | I43: Sqft
... A45: Roxul AFB 6" | B45: AFB6 | C45: 3.1726 | E45: AFB6 | F45: =A45 | H45: AFB6 | I45: Sqft
F46: =A46 | I46: Sqft
A47: 6 Mil Poly | B47: 6mil | C47: 0.07 | E47: 6mil | F47: =A47 | H47: 6mil | I47: Sqft
A48: Light Weight Poly | B48: lwp | C48: 15.74 | E48: lwp | F48: =A48 | H48: lwp | I48: Sqft
A49: 1 1/2” TYPE 4 RIGID | B49: 15T4R | C49: 1.22115 | E49: 15T4R | F49: =A49 | H49: 15T4R | I49: Sqft
A50: 2" Foil Back Insulation | B50: 2fb | C50: 3.8594 | E50: 2fb | F50: =A50 | H50: 2fb | I50: Sqft
F51: =A51
A52: 25 Ga 1 5/8” Stud | B52: 251s | C52: 0.5212 | E52: 251s | F52: =A52 | H52: 251s | I52: Lnft
A53: 25 Ga 1 5/8” Track | B53: 251t | C53: 0.4622 | E53: 251t | F53: =A53 | H53: 251t | I53: Lnft
A54: 25 Ga 1 5/8” Deep Tack | B54: 251dt | C54: 0.671 | E54: 251dt | F54: =A54 | H54: 251dt | I54: Lnft
A55: 25 Ga 2 1/2” Stud | B55: 252s | C55: 0.5989 | E55: 252s | F55: =A55 | H55: 252s | I55: Lnft
A56: 25 Ga 2 1/2” Track | B56: 252t | C56: 0.5299 | E56: 252t | F56: =A56 | H56: 252t | I56: Lnft
A57: 25 Ga 2 1/2” Deep Track | B57: 252dt | C57: 0.7384 | E57: 252dt | F57: =A57 | H57: 252dt | I57: Lnft
A58: 25 Ga 2 1/2" Slotted Track | B58: 252st | C58: 1.7688 | E58: 252st | F58: =A58 | H58: 252st | I58: Lnft
A59: 25 Ga 3 5/8” Stud | B59: 253s | C59: 0.6708 | E59: 253s | F59: =A59 | H59: 253s | I59: Lnft
A60: 25 Ga 3 5/8” Track | B60: 253t | C60: 0.6258 | E60: 253t | F60: =A60 | H60: 253t | I60: Lnft
A61: 25 Ga 3 5/8” Deep Track | B61: 253dt | C61: 0.8373 | E61: 253dt | F61: =A61 | H61: 253dt | I61: Lnft
A62: 25 Ga 3 5/8" Slotted Track | B62: 253st | C62: 1.8662 | E62: 253st | F62: =A62 | H62: 253st | I62: Lnft
A63: 25 Ga 6" Stud | B63: 256s | C63: 0.9537 | E63: 256s | F63: =A63 | H63: 256s | I63: Lnft
... A66: 25 Ga 6” Slotted Track | B66: 256st | C66: 2.0076 | E66: 256st | F66: =A66 | H66: 256st | I66: Lnft
A67: 25 Ga 8" Stud | B67: 258s | C67: ? | E67: 258s | F67: =A67 | H67: 258s | I67: Lnft
A68: 25 Ga 8" Track | B68: 258t | C68: ? | E68: 258t | F68: =A68 | H68: 258t | I68: Lnft
A69: 25 Ga 8" Deep Track | B69: 258dt | C69: ? | E69: 258dt | F69: =A69 | H69: 258dt | I69: Lnft
A70: 25 Ga 8" Slotted Track | B70: 258st | C70: ? | E70: 258st | F70: =A70 | H70: 258st | I70: Lnft
F71: =A71 | I71: Lnft
F72: =A72 | I72: Lnft
A73: 20 Ga 1 5/8” Stud | B73: 201s | C73: 0.9593 | E73: 201s | F73: =A73 | H73: 201s | I73: Lnft
A74: 20 Ga 1 5/8” Track | B74: 201t | C74: 0.8428 | E74: 201t | F74: =A74 | H74: 201t | I74: Lnft
A75: 20 Ga 1 5/8” Deep Tack | B75: 201dt | C75: 1.1423 | E75: 201dt | F75: =A75 | H75: 201dt | I75: Lnft
A76: 20 Ga 2 1/2” Stud | B76: 202s | C76: 1.0474 | E76: 202s | F76: =A76 | H76: 202s | I76: Lnft
A77: 20 Ga 2 1/2” Track | B77: 202t | C77: 0.8959 | E77: 202t | F77: =A77 | H77: 202t | I77: Lnft
A78: 20 Ga 2 1/2” Deep Track | B78: 202dt | C78: 1.2088 | E78: 202dt | F78: =A78 | H78: 202dt | I78: Lnft
A79: 20 Ga 2 1/2 Slotted Track | B79: 202st | C79: 2.5533 | E79: 202st | F79: =A79 | H79: 202st | I79: Lnft
A80: 20 Ga 3 5/8” Stud | B80: 203s | C80: 1.1837 | E80: 203s | F80: =A80 | H80: 203s | I80: Lnft
A81: 20 Ga 3 5/8” Track | B81: 203t | C81: 1.1387 | E81: 203t | F81: =A81 | H81: 203t | I81: Lnft
A82: 20 Ga 3 5/8” Deep Track | B82: 203dt | C82: 1.3863 | E82: 203dt | F82: =A82 | H82: 203dt | I82: Lnft
A83: 20 Ga 3 5/8" Slotted Track | B83: 203st | C83: 2.8554 | E83: 203st | F83: =A83 | H83: 203st | I83: Lnft
A84: 20 Ga 6" Stud | B84: 206s | C84: 1.685 | E84: 206s | F84: =A84 | H84: 206s | I84: Lnft
... A91: 20 Ga 8” Slotted Track | B91: 208st | C91: 4.2247 | E91: 208st | F91: =A91 | H91: 208st | I91: Lnft
A92: 20 Ga 2 1/2” Stud 1 5/8” Flange' | B92: 202swl | C92: ? | E92: 202swl | F92: =A92 | H92: 202swl | I92: Lnft
A93: 20 Ga 3 5/8” Stud 1 5/8” Flange | B93: 203swl | C93: 1.4656 | E93: 203swl | F93: =A93 | H93: 203swl | I93: Lnft
A94: 20 Ga 6" Stud 1 5/8” Flange | B94: 206swl | C94: 1.9729 | E94: 206swl | F94: =A94 | H94: 206swl | I94: Lnft
A95: 20 Ga 8" Stud 1 5/8" Flange | B95: 208swl | C95: 2.4194 | E95: 208swl | F95: =A95 | H95: 208swl | I95: Lnft
F96: =A96 | I96: Lnft
A97: 18 Ga 1 5/8” Stud | B97: 181s | C97: ? | E97: 181s | F97: =A97 | H97: 181s | I97: Lnft
A98: 18 Ga 1 5/8” Track | B98: 181t | C98: ? | E98: 181t | F98: =A98 | H98: 181t | I98: Lnft
A99: 18 Ga 1 5/8” Deep Tack | B99: 181dt | C99: ? | E99: 181dt | F99: =A99 | H99: 181dt | I99: Lnft
A100: 18 Ga 2 1/2” Stud | B100: 182s | C100: ? | E100: 182s | F100: =A100 | H100: 182s | I100: Lnft
A101: 18 Ga 2 1/2” Track | B101: 182t | C101: ? | E101: 182t | F101: =A101 | H101: 182t | I101: Lnft
A102: 18 Ga 2 1/2” Deep Track | B102: 182dt | C102: ? | E102: 182dt | F102: =A102 | H102: 182dt | I102: Lnft
A103: 18 Ga 2 1/2 Slotted Track | B103: 182st | C103: ? | E103: 182st | F103: =A103 | H103: 182st | I103: Lnft
A104: 18 Ga 3 5/8” Stud | B104: 183s | C104: 1.658 | E104: 183s | F104: =A104 | H104: 183s | I104: Lnft
A105: 18 Ga 3 5/8” Track | B105: 183t | C105: 1.6721 | E105: 183t | F105: =A105 | H105: 183t | I105: Lnft
A106: 18 Ga 3 5/8” Deep Track | B106: 183dt | C106: 2.1659 | E106: 183dt | F106: =A106 | H106: 183dt | I106: Lnft
A107: 18 Ga 3 5/8" Slotted Track | B107: 183st | C107: 3.7035 | E107: 183st | F107: =A107 | H107: 183st | I107: Lnft
A108: 18 Ga 6” Stud | B108: 186s | C108: 2.205 | E108: 186s | F108: =A108 | H108: 186s | I108: Lnft
A109: 18 Ga 6” Track | B109: 186t | C109: 2.3698 | E109: 186t | F109: =A109 | H109: 186t | I109: Lnft
A110: 18 Ga 6” Deep Track | B110: 186dt | C110: 2.8229 | E110: 186dt | F110: =A110 | H110: 186dt | I110: Lnft
A111: 18 Ga 6” Slotted Track | B111: 186st | C111: 4.3849 | E111: 186st | F111: =A111 | H111: 186st | I111: Lnft
A112: 18 Ga 8" Stud | B112: 188s | C112: 2.8664 | E112: 188s | F112: =A112 | H112: 188s | I112: Lnft
A113: 18 Ga 8” Track | B113: 188t | C113: 3.1878 | E113: 188t | F113: =A113 | H113: 188t | I113: Lnft
A114: 18 Ga 8” Deep Track | B114: 188dt | C114: 3.5544 | E114: 188dt | F114: =A114 | H114: 188dt | I114: Lnft
A115: 18 Ga 8” Slotted Track | B115: 188st | C115: 5.5423 | E115: 188st | F115: =A115 | H115: 188st | I115: Lnft
F116: =A116 | I116: Lnft
A117: 16 Ga 3 5/8” Stud | B117: 163s | C117: 2.1317 | E117: 163s | F117: =A117 | H117: 163s | I117: Lnft
A118: 16 Ga 3 5/8” Track | B118: 163t | C118: 2.3468 | E118: 163t | F118: =A118 | H118: 163t | I118: Lnft
...
